<?xml version="1.0" encoding="UTF-8"?>
<beans xmlns="http://www.springframework.org/schema/beans"
       xmlns:xsi="http://www.w3.org/2001/XMLSchema-instance"
       xmlns:context="http://www.springframework.org/schema/context"
       xmlns:tx="http://www.springframework.org/schema/tx"
       xsi:schemaLocation="http://www.springframework.org/schema/beans
    http://www.springframework.org/schema/beans/spring-beans-3.0.xsd
    http://www.springframework.org/schema/context
    http://www.springframework.org/schema/context/spring-context-3.0.xsd
    http://www.springframework.org/schema/tx
    http://www.springframework.org/schema/tx/spring-tx-2.0.xsd">

    <context:annotation-config />
    <tx:annotation-driven transaction-manager="transactionManager"/>

    <bean name="transactionManager"
          class="org.springframework.jdbc.datasource.DataSourceTransactionManager">
        <property name="dataSource" ref="dataSource" />
    </bean>

    <bean id="TransactionTemplate"
          class="org.springframework.transaction.support.TransactionTemplate"
          >
        <property name="transactionManager" ref="transactionManager" />
    </bean>

    <bean name="CRUDAppDemoService"
          class="io.mc.crudapp.CRUDAppDemoServiceImpl" />

    <bean name="AppDataDAO"
        class="io.mc.crudapp.JDBCAppDataDAO" />

    <!-- Without pooling: -->
    <!--
    <bean id="dataSource"
          class="org.springframework.jdbc.datasource.DriverManagerDataSource">

        <property name="driverClassName" value="org.postgresql.Driver" />
        <property name="url" value="jdbc:postgresql://localhost:5432/cruddb" />
        <property name="username" value="crud" />
        <property name="password" value="crud" />
    </bean>
    -->

    <bean id="dataSource"
          class="com.zaxxer.hikari.HikariDataSource">
        <constructor-arg>
            <bean class="com.zaxxer.hikari.HikariConfig">
                <constructor-arg value="/db/hikari.properties" />
            </bean>
        </constructor-arg>
    </bean>
</beans>